"type","code","message","context","selector"
"error","aria-allowed-attr","Elements must only use supported ARIA attributes (https://dequeuniversity.com/rules/axe/4.11/aria-allowed-attr?application=axeAPI)","<a id=\"endpoint\" class=\"yt-simple-endpoint style-scope ytd-mini-guide-entry-renderer\" aria-selected=\"true\" aria-label=\"Home\" title=\"Home\" href=\"/\">\n  <yt-icon id=\"icon\" class=\"gu...</a>","#endpoint"
"error","aria-allowed-attr","Elements must only use supported ARIA attributes (https://dequeuniversity.com/rules/axe/4.11/aria-allowed-attr?application=axeAPI)","<a id=\"endpoint\" class=\"yt-simple-endpoint style-scope ytd-mini-guide-entry-renderer\" aria-selected=\"false\" aria-label=\"Shorts\" title=\"Shorts\" href=\"/shorts/\">\n  <yt-icon id=\"icon\" class=\"gu...</a>","#endpoint"
"error","aria-allowed-attr","Elements must only use supported ARIA attributes (https://dequeuniversity.com/rules/axe/4.11/aria-allowed-attr?application=axeAPI)","<a id=\"endpoint\" class=\"yt-simple-endpoint style-scope ytd-mini-guide-entry-renderer\" aria-selected=\"false\" aria-label=\"Subscriptions\" title=\"Subscriptions\" href=\"/feed/subscriptions\">\n  <yt-icon id=\"icon\" class=\"gu...</a>","#endpoint"
"error","aria-allowed-attr","Elements must only use supported ARIA attributes (https://dequeuniversity.com/rules/axe/4.11/aria-allowed-attr?application=axeAPI)","<a id=\"endpoint\" class=\"yt-simple-endpoint style-scope ytd-mini-guide-entry-renderer\" aria-selected=\"false\" aria-label=\"You\" title=\"You\" href=\"/feed/you\">\n  <yt-icon id=\"icon\" class=\"gu...</a>","#endpoint"
"error","aria-prohibited-attr","Elements must only use permitted ARIA attributes (https://dequeuniversity.com/rules/axe/4.11/aria-prohibited-attr?application=axeAPI)","<yt-formatted-string id=\"title\" class=\"style-scope ytd-feed-nudge-renderer\" aria-label=\"Try searching to get started\">Try searching to get started</yt-formatted-string>","#title"
"error","aria-prohibited-attr","Elements must only use permitted ARIA attributes (https://dequeuniversity.com/rules/axe/4.11/aria-prohibited-attr?application=axeAPI)","<yt-formatted-string id=\"subtitle\" split-lines=\"\" class=\"style-scope ytd-feed-nudge-renderer\" aria-label=\"Start watching videos to help u...\">Start watching videos to help us build a feed of videos that you'll love.</yt-formatted-string>","#subtitle"
"error","color-contrast","Elements must meet minimum color contrast ratio thresholds (https://dequeuniversity.com/rules/axe/4.11/color-contrast?application=axeAPI)","<span id=\"country-code\" class=\"style-scope ytd-topbar-logo-renderer\">\n  IN\n</span>","#country-code"
"error","color-contrast","Elements must meet minimum color contrast ratio thresholds (https://dequeuniversity.com/rules/axe/4.11/color-contrast?application=axeAPI)","<span class=\"ytAttributedStringHost ytAttributedStringWhiteSpaceNoWrap\" role=\"text\" style=\"\">Sign in</span>","#buttons > ytd-button-renderer > yt-button-shape > a > div:nth-child(2) > span"
"error","color-contrast","Elements must meet minimum color contrast ratio thresholds (https://dequeuniversity.com/rules/axe/4.11/color-contrast?application=axeAPI)","<span class=\"title style-scope ytd-mini-guide-entry-renderer\">Home</span>","#endpoint > span"
"error","color-contrast","Elements must meet minimum color contrast ratio thresholds (https://dequeuniversity.com/rules/axe/4.11/color-contrast?application=axeAPI)","<span class=\"title style-scope ytd-mini-guide-entry-renderer\">Shorts</span>","#endpoint > span"
"error","color-contrast","Elements must meet minimum color contrast ratio thresholds (https://dequeuniversity.com/rules/axe/4.11/color-contrast?application=axeAPI)","<span class=\"title style-scope ytd-mini-guide-entry-renderer\">Subscriptions</span>","#endpoint > span"
"error","color-contrast","Elements must meet minimum color contrast ratio thresholds (https://dequeuniversity.com/rules/axe/4.11/color-contrast?application=axeAPI)","<span class=\"title style-scope ytd-mini-guide-entry-renderer\">You</span>","#endpoint > span"
"error","WCAG2AA.Principle4.Guideline4_1.4_1_1.F77","Duplicate id attribute value \"chevron-left\" found on the web page.","<g id=\"chevron-left\"><path d=\"M15.41 7.41L14 6l-6 6 ...</g>","#chevron-left"
"error","WCAG2AA.Principle4.Guideline4_1.4_1_1.F77","Duplicate id attribute value \"chevron-right\" found on the web page.","<g id=\"chevron-right\"><path d=\"M10 6L8.59 7.41 13.17 ...</g>","#chevron-right"
"error","WCAG2AA.Principle4.Guideline4_1.4_1_1.F77","Duplicate id attribute value \"arrow-drop-down\" found on the web page.","<g id=\"arrow-drop-down\"><path d=\"M12,15.7L5.6,9.4l0.7-0...</g>","#arrow-drop-down"
"error","WCAG2AA.Principle2.Guideline2_4.2_4_1.H64.1","Iframe element requires a non-empty title attribute that identifies the frame.","<iframe name=\"passive_signin\" src=\"https://accounts.google.com/ServiceLogin?service=youtube&amp;uilel=3&amp;passive=true&amp;continue=https%3A%2F%2Fwww.youtube.com%2Fsignin%3Faction_handle_signin%3Dtrue%26app%3Ddesktop%26hl%3Den-GB%26next%3D%252Fsign...","html > body > iframe:nth-child(4)"
"error","WCAG2AA.Principle1.Guideline1_3.1_3_1.H42.2","Heading tag found with no content. Text that is not intended as a heading should not be marked up with heading tags.","<h1 class=\"ytdMiniplayerInfoBarTitle\"></h1>","html > body > ytd-app > ytd-miniplayer > div:nth-child(1) > yt-draggable > ytd-miniplayer-info-bar > div > h1"
"error","WCAG2AA.Principle1.Guideline1_3.1_3_1.H42.2","Heading tag found with no content. Text that is not intended as a heading should not be marked up with heading tags.","<h1></h1>","html > body > ytd-app > ytd-miniplayer > div:nth-child(1) > yt-draggable > ytd-miniplayer-info-bar > div > div > h1"
"error","WCAG2AA.Principle4.Guideline4_1.4_1_1.F77","Duplicate id attribute value \"button\" found on the web page.","<button id=\"button\" class=\"style-scope yt-icon-button\" aria-label=\"Guide\">\n      <yt-icon id=\"guide-icon\"...</button>","#button"
"error","WCAG2AA.Principle4.Guideline4_1.4_1_1.F77","Duplicate id attribute value \"interaction\" found on the web page.","<yt-interaction id=\"interaction\" class=\"circular style-scope yt-icon-button\"><!--css-build:shady--><!--css_b...</yt-interaction>","#interaction"
"error","WCAG2AA.Principle4.Guideline4_1.4_1_1.F77","Duplicate id attribute value \"logo\" found on the web page.","<a class=\"yt-simple-endpoint style-scope ytd-topbar-logo-renderer\" id=\"logo\" aria-label=\"\" href=\"/\" title=\"YouTube Home\">\n  <div class=\"style-scope ytd-...</a>","#logo"
"error","WCAG2AA.Principle1.Guideline1_1.1_1_1.H37","Img element missing an alt attribute. Use the alt attribute to specify a short text alternative.","<img class=\"style-scope ytd-yoodle-renderer\" src=\"\">","#logo > ytd-yoodle-renderer > picture > img"
"error","WCAG2AA.Principle4.Guideline4_1.4_1_1.F77","Duplicate id attribute value \"logo-icon\" found on the web page.","<yt-icon id=\"logo-icon\" class=\"style-scope ytd-logo\"><!--css-build:shady--><!--css_b...</yt-icon>","#logo-icon"
"error","WCAG2AA.Principle3.Guideline3_2.3_2_2.H32.2","This form does not contain a submit button, which creates issues for those who cannot submit the form using the keyboard. Submit buttons are INPUT elements with type attribute \"submit\" or \"image\", or BUTTON elements with type \"submit\" or omitted/invalid.","<form action=\"/results\" class=\"ytSearchboxComponentSearchForm\"><input class=\"ytSearchboxCompon...</form>","#center > yt-searchbox > div:nth-child(1) > div > form"
"error","WCAG2AA.Principle4.Guideline4_1.4_1_2.H91.InputText.Name","This textinput element does not have a name available to an accessibility API. Valid names are: label element, title , aria-label , aria-labelledby .","<input class=\"ytSearchboxComponentInput yt-searchbox-input title\" name=\"search_query\" aria-controls=\"i0\" aria-expanded=\"true\" type=\"text\" autocomplete=\"off\" autocorrect=\"off\" spellcheck=\"false\" aria-autocomplete=\"list\" role=\"combobox\" placeholder=\"Se...","#center > yt-searchbox > div:nth-child(1) > div > form > input"
"error","WCAG2AA.Principle1.Guideline1_3.1_3_1.F68","This form field should be labelled in some way. Use the label element (either with a \"for\" attribute or wrapped around the form field), or \"title\", \"aria-label\" or \"aria-labelledby\" attributes as appropriate.","<input class=\"ytSearchboxComponentInput yt-searchbox-input title\" name=\"search_query\" aria-controls=\"i0\" aria-expanded=\"true\" type=\"text\" autocomplete=\"off\" autocorrect=\"off\" spellcheck=\"false\" aria-autocomplete=\"list\" role=\"combobox\" placeholder=\"Se...","#center > yt-searchbox > div:nth-child(1) > div > form > input"
"error","WCAG2AA.Principle4.Guideline4_1.4_1_1.F77","Duplicate id attribute value \"button\" found on the web page.","<button id=\"button\" class=\"style-scope yt-icon-button\" aria-label=\"Search\">\n      <yt-icon class=\"topbar-i...</button>","#button"
"error","WCAG2AA.Principle4.Guideline4_1.4_1_1.F77","Duplicate id attribute value \"interaction\" found on the web page.","<yt-interaction id=\"interaction\" class=\"circular style-scope yt-icon-button\"><!--css-build:shady--><!--css_b...</yt-interaction>","#interaction"
"error","WCAG2AA.Principle4.Guideline4_1.4_1_1.F77","Duplicate id attribute value \"button\" found on the web page.","<div id=\"button\" class=\"style-scope ytd-topbar-menu-button-renderer\"><a class=\"yt-simple-endpoint st...</div>","#button"
"error","WCAG2AA.Principle4.Guideline4_1.4_1_2.H91.A.EmptyNoId","Anchor element found with no link content and no name and/or ID attribute.","<a class=\"yt-simple-endpoint style-scope ytd-topbar-menu-button-renderer\" tabindex=\"-1\"><yt-icon-button id=\"button\" cla...</a>","#button > a"
"error","WCAG2AA.Principle4.Guideline4_1.4_1_1.F77","Duplicate id attribute value \"button\" found on the web page.","<yt-icon-button id=\"button\" class=\"style-scope ytd-topbar-menu-button-renderer style-default\"><!--css-build:shady--><!--css_b...</yt-icon-button>","#button"
"error","WCAG2AA.Principle4.Guideline4_1.4_1_1.F77","Duplicate id attribute value \"button\" found on the web page.","<button id=\"button\" class=\"style-scope yt-icon-button\" aria-label=\"Settings\"><yt-icon class=\"style-scope ytd...</button>","#button"
"error","WCAG2AA.Principle4.Guideline4_1.4_1_1.F77","Duplicate id attribute value \"interaction\" found on the web page.","<yt-interaction id=\"interaction\" class=\"circular style-scope yt-icon-button\"><!--css-build:shady--><!--css_b...</yt-interaction>","#interaction"
"error","WCAG2AA.Principle1.Guideline1_3.1_3_1.H49.AlignAttr","Align attributes .","<tp-yt-app-drawer id=\"guide\" align=\"start\" role=\"navigation\" class=\"style-scope ytd-app\" style=\"transition-duration: 200ms; touch-action: pan-y;\" position=\"left\" swipe-open=\"\"><!--css-build:shady--><!--css_b...</tp-yt-app-drawer>","#guide"
"error","WCAG2AA.Principle4.Guideline4_1.4_1_1.F77","Duplicate id attribute value \"guide-button\" found on the web page.","<yt-icon-button id=\"guide-button\" pressed=\"true\" toggleable=\"true\" class=\"style-scope ytd-app\" aria-label=\"Guide\"><!--css-build:shady--><!--css_b...</yt-icon-button>","#guide-button"
"error","WCAG2AA.Principle4.Guideline4_1.4_1_1.F77","Duplicate id attribute value \"button\" found on the web page.","<button id=\"button\" class=\"style-scope yt-icon-button\" aria-pressed=\"true\">\n            <yt-icon id=\"guide...</button>","#button"
"error","WCAG2AA.Principle4.Guideline4_1.4_1_2.H91.Button.Name","This button element does not have a name available to an accessibility API. Valid names are: title , element content, aria-label , aria-labelledby .","<button id=\"button\" class=\"style-scope yt-icon-button\" aria-pressed=\"true\">\n            <yt-icon id=\"guide...</button>","#button"
"error","WCAG2AA.Principle4.Guideline4_1.4_1_1.F77","Duplicate id attribute value \"guide-icon\" found on the web page.","<yt-icon id=\"guide-icon\" icon=\"yt-icons:menu\" class=\"style-scope ytd-app\"><!--css-build:shady--><!--css_b...</yt-icon>","#guide-icon"
"error","WCAG2AA.Principle4.Guideline4_1.4_1_1.F77","Duplicate id attribute value \"interaction\" found on the web page.","<yt-interaction id=\"interaction\" class=\"circular style-scope yt-icon-button\"><!--css-build:shady--><!--css_b...</yt-interaction>","#interaction"
"error","WCAG2AA.Principle4.Guideline4_1.4_1_1.F77","Duplicate id attribute value \"logo\" found on the web page.","<a class=\"yt-simple-endpoint style-scope ytd-topbar-logo-renderer\" id=\"logo\" aria-label=\"\" href=\"/\" title=\"YouTube Home\">\n  <div class=\"style-scope ytd-...</a>","#logo"
"error","WCAG2AA.Principle4.Guideline4_1.4_1_1.F77","Duplicate id attribute value \"logo-icon\" found on the web page.","<yt-icon id=\"logo-icon\" class=\"style-scope ytd-logo\"><!--css-build:shady--><!--css_b...</yt-icon>","#logo-icon"
"error","WCAG2AA.Principle1.Guideline1_1.1_1_1.H37","Img element missing an alt attribute. Use the alt attribute to specify a short text alternative.","<img class=\"style-scope ytd-yoodle-renderer\" src=\"\">","#logo > ytd-yoodle-renderer > picture > img"
"error","WCAG2AA.Principle4.Guideline4_1.4_1_1.F77","Duplicate id attribute value \"logo-icon\" found on the web page.","<yt-icon id=\"logo-icon\" class=\"style-scope ytd-logo\"><!--css-build:shady--><!--css_b...</yt-icon>","#logo-icon"
"error","WCAG2AA.Principle4.Guideline4_1.4_1_1.F77","Duplicate id attribute value \"country-code\" found on the web page.","<span id=\"country-code\" class=\"style-scope ytd-topbar-logo-renderer\">\n  IN\n</span>","#country-code"
"error","WCAG2AA.Principle4.Guideline4_1.4_1_1.F77","Duplicate id attribute value \"tooltip\" found on the web page.","<div id=\"tooltip\" class=\"hidden style-scope tp-yt-paper-tooltip\" style-target=\"tooltip\">\n  \n    Home\n  \n</div>","#tooltip"
"error","WCAG2AA.Principle4.Guideline4_1.4_1_1.F77","Duplicate id attribute value \"endpoint\" found on the web page.","<a id=\"endpoint\" class=\"yt-simple-endpoint style-scope ytd-mini-guide-entry-renderer\" aria-selected=\"false\" aria-label=\"Shorts\" title=\"Shorts\" href=\"/shorts/\">\n  <yt-icon id=\"icon\" class=\"gu...</a>","#endpoint"
"error","WCAG2AA.Principle4.Guideline4_1.4_1_1.F77","Duplicate id attribute value \"icon\" found on the web page.","<yt-icon id=\"icon\" class=\"guide-icon style-scope ytd-mini-guide-entry-renderer\"><!--css-build:shady--><!--css_b...</yt-icon>","#icon"
"error","WCAG2AA.Principle4.Guideline4_1.4_1_1.F77","Duplicate id attribute value \"tooltip\" found on the web page.","<div id=\"tooltip\" class=\"hidden style-scope tp-yt-paper-tooltip\" style-target=\"tooltip\">\n  \n    Shorts\n  \n</div>","#tooltip"
"error","WCAG2AA.Principle4.Guideline4_1.4_1_1.F77","Duplicate id attribute value \"ally-menu-button\" found on the web page.","<button type=\"button\" id=\"ally-menu-button\" class=\"ally-menu-button style-scope ytd-mini-guide-entry-renderer\" aria-haspopup=\"true\" aria-expanded=\"false\" aria-label=\"Shorts\"></button>","#ally-menu-button"
"error","WCAG2AA.Principle4.Guideline4_1.4_1_1.F77","Duplicate id attribute value \"endpoint\" found on the web page.","<a id=\"endpoint\" class=\"yt-simple-endpoint style-scope ytd-mini-guide-entry-renderer\" aria-selected=\"false\" aria-label=\"Subscriptions\" title=\"Subscriptions\" href=\"/feed/subscriptions\">\n  <yt-icon id=\"icon\" class=\"gu...</a>","#endpoint"
"error","WCAG2AA.Principle4.Guideline4_1.4_1_1.F77","Duplicate id attribute value \"icon\" found on the web page.","<yt-icon id=\"icon\" class=\"guide-icon style-scope ytd-mini-guide-entry-renderer\"><!--css-build:shady--><!--css_b...</yt-icon>","#icon"
"error","WCAG2AA.Principle4.Guideline4_1.4_1_1.F77","Duplicate id attribute value \"tooltip\" found on the web page.","<div id=\"tooltip\" class=\"hidden style-scope tp-yt-paper-tooltip\" style-target=\"tooltip\">\n  \n    Subscriptions\n  \n</div>","#tooltip"
"error","WCAG2AA.Principle4.Guideline4_1.4_1_1.F77","Duplicate id attribute value \"ally-menu-button\" found on the web page.","<button type=\"button\" id=\"ally-menu-button\" class=\"ally-menu-button style-scope ytd-mini-guide-entry-renderer\" aria-haspopup=\"true\" aria-expanded=\"false\" aria-label=\"Subscriptions\"></button>","#ally-menu-button"
"error","WCAG2AA.Principle4.Guideline4_1.4_1_1.F77","Duplicate id attribute value \"endpoint\" found on the web page.","<a id=\"endpoint\" class=\"yt-simple-endpoint style-scope ytd-mini-guide-entry-renderer\" aria-selected=\"false\" aria-label=\"You\" title=\"You\" href=\"/feed/you\">\n  <yt-icon id=\"icon\" class=\"gu...</a>","#endpoint"
"error","WCAG2AA.Principle4.Guideline4_1.4_1_1.F77","Duplicate id attribute value \"icon\" found on the web page.","<yt-icon id=\"icon\" class=\"guide-icon style-scope ytd-mini-guide-entry-renderer\"><!--css-build:shady--><!--css_b...</yt-icon>","#icon"
"error","WCAG2AA.Principle4.Guideline4_1.4_1_1.F77","Duplicate id attribute value \"tooltip\" found on the web page.","<div id=\"tooltip\" class=\"hidden style-scope tp-yt-paper-tooltip\" style-target=\"tooltip\">\n  \n    You\n  \n</div>","#tooltip"
"error","WCAG2AA.Principle4.Guideline4_1.4_1_1.F77","Duplicate id attribute value \"ally-menu-button\" found on the web page.","<button type=\"button\" id=\"ally-menu-button\" class=\"ally-menu-button style-scope ytd-mini-guide-entry-renderer\" aria-haspopup=\"true\" aria-expanded=\"false\" aria-label=\"You\"></button>","#ally-menu-button"
"error","WCAG2AA.Principle4.Guideline4_1.4_1_1.F77","Duplicate id attribute value \"header\" found on the web page.","<div id=\"header\" class=\"style-scope ytd-browse\"></div>","#header"
"error","WCAG2AA.Principle4.Guideline4_1.4_1_1.F77","Duplicate id attribute value \"button\" found on the web page.","<button id=\"button\" class=\"style-scope yt-icon-button\">\n    <yt-icon id=\"expander-icon...</button>","#button"
"error","WCAG2AA.Principle4.Guideline4_1.4_1_2.H91.Button.Name","This button element does not have a name available to an accessibility API. Valid names are: title , element content, aria-label , aria-labelledby .","<button id=\"button\" class=\"style-scope yt-icon-button\">\n    <yt-icon id=\"expander-icon...</button>","#button"
"error","WCAG2AA.Principle4.Guideline4_1.4_1_1.F77","Duplicate id attribute value \"interaction\" found on the web page.","<yt-interaction id=\"interaction\" class=\"circular style-scope yt-icon-button\"><!--css-build:shady--><!--css_b...</yt-interaction>","#interaction"
"error","WCAG2AA.Principle4.Guideline4_1.4_1_1.F77","Duplicate id attribute value \"items\" found on the web page.","<div id=\"items\" class=\"style-scope ytd-playlist-sidebar-renderer\"></div>","#items"
"error","WCAG2AA.Principle4.Guideline4_1.4_1_1.F77","Duplicate id attribute value \"items\" found on the web page.","<div id=\"items\" class=\"style-scope ytd-settings-sidebar-renderer\"></div>","#items"
"error","WCAG2AA.Principle4.Guideline4_1.4_1_1.F77","Duplicate id attribute value \"header\" found on the web page.","<div id=\"header\" class=\"style-scope ytd-rich-grid-renderer\" hidden=\"\"></div>","#header"
"error","WCAG2AA.Principle4.Guideline4_1.4_1_1.F77","Duplicate id attribute value \"masthead-ad\" found on the web page.","<div id=\"masthead-ad\" class=\"style-scope ytd-rich-grid-renderer\"></div>","#masthead-ad"
"error","WCAG2AA.Principle4.Guideline4_1.4_1_1.F77","Duplicate id attribute value \"title\" found on the web page.","<div id=\"title\" class=\"style-scope ytd-rich-grid-renderer\"></div>","#title"
"error","WCAG2AA.Principle4.Guideline4_1.4_1_1.F77","Duplicate id attribute value \"content\" found on the web page.","<div id=\"content\" class=\"style-scope ytd-rich-section-renderer\"><ytd-feed-nudge-renderer class=...</div>","#content"
"error","WCAG2AA.Principle4.Guideline4_1.4_1_1.F77","Duplicate id attribute value \"title-container\" found on the web page.","<h2 id=\"title-container\" class=\"style-scope ytd-feed-nudge-renderer\" aria-label=\"Try searching to get started\">\n        <yt-formatted-string i...</h2>","#title-container"
"error","WCAG2AA.Principle4.Guideline4_1.4_1_1.F77","Duplicate id attribute value \"title\" found on the web page.","<yt-formatted-string id=\"title\" class=\"style-scope ytd-feed-nudge-renderer\" aria-label=\"Try searching to get started\">Try searching to get started</yt-formatted-string>","#title"
"error","WCAG2AA.Principle4.Guideline4_1.4_1_1.F77","Duplicate id attribute value \"contents\" found on the web page.","<div id=\"contents\" class=\"style-scope ytd-feed-nudge-renderer\" hidden=\"\"></div>","#contents"
"error","WCAG2AA.Principle4.Guideline4_1.4_1_1.F77","Duplicate id attribute value \"refresh\" found on the web page.","<ytd-refresh id=\"refresh\" class=\"style-scope ytd-browse\" style=\"opacity: 0;\"><!--css-build:shady--><!--css_b...</ytd-refresh>","#refresh"
"error","WCAG2AA.Principle4.Guideline4_1.4_1_1.F77","Duplicate id attribute value \"icon\" found on the web page.","<yt-icon id=\"icon\" icon=\"refresh\" class=\"style-scope ytd-refresh\" style=\"transform: rotate(180deg); opacity: 0.3;\"><!--css-build:shady--><!--css_b...</yt-icon>","#icon"
"error","WCAG2AA.Principle4.Guideline4_1.4_1_1.F77","Duplicate id attribute value \"primary\" found on the web page.","<div id=\"primary\" class=\"style-scope ytd-watch-flexy\">\n    <div id=\"primary-inner\" cl...</div>","#primary"
"error","WCAG2AA.Principle4.Guideline4_1.4_1_1.F77","Duplicate id attribute value \"container\" found on the web page.","<div id=\"container\" class=\"style-scope ytd-player\"><div class=\"html5-video-player ...</div>","#container"
"error","WCAG2AA.Principle4.Guideline4_1.4_1_2.H91.A.EmptyNoId","Anchor element found with no link content and no name and/or ID attribute.","<a class=\"ytp-title-channel-logo\" target=\"_blank\" role=\"link\" tabindex=\"0\"></a>","#movie_player > div:nth-child(3) > div:nth-child(1) > a"
"error","WCAG2AA.Principle4.Guideline4_1.4_1_2.H91.A.EmptyNoId","Anchor element found with no link content and no name and/or ID attribute.","<a target=\"_blank\"></a>","#movie_player > div:nth-child(3) > div:nth-child(1) > div:nth-child(3) > div > div:nth-child(1) > a"
"error","WCAG2AA.Principle4.Guideline4_1.4_1_2.H91.A.EmptyNoId","Anchor element found with no link content and no name and/or ID attribute.","<a class=\"ytp-title-link yt-uix-sessionlink ytp-title-fullerscreen-link\" target=\"_blank\" data-sessionlink=\"feature=player-title\" tabindex=\"-1\"></a>","#movie_player > div:nth-child(3) > div:nth-child(2) > div > a"
"error","WCAG2AA.Principle4.Guideline4_1.4_1_2.H91.A.EmptyNoId","Anchor element found with no link content and no name and/or ID attribute.","<a class=\"ytp-title-channel-name\" target=\"_blank\" href=\"\"></a>","#movie_player > div:nth-child(3) > div:nth-child(2) > div > div > a"
"error","WCAG2AA.Principle4.Guideline4_1.4_1_2.H91.A.EmptyNoId","Anchor element found with no link content and no name and/or ID attribute.","<a class=\"ytp-suggested-action-container\"><img class=\"ytp-suggested-actio...</a>","#movie_player > div:nth-child(7) > div > div:nth-child(2) > a"
"error","WCAG2AA.Principle1.Guideline1_1.1_1_1.H37","Img element missing an alt attribute. Use the alt attribute to specify a short text alternative.","<img class=\"ytp-suggested-action-badge-img\" style=\"display: none;\">","#movie_player > div:nth-child(7) > div > div:nth-child(2) > a > img"
"error","WCAG2AA.Principle4.Guideline4_1.4_1_2.H91.Button.Name","This button element does not have a name available to an accessibility API. Valid names are: title , element content, aria-label , aria-labelledby .","<button class=\"ytp-suggested-action-badge-dismiss-button-icon ytp-button\"></button>","#movie_player > div:nth-child(7) > div > div:nth-child(2) > a > button:nth-child(4)"
"error","WCAG2AA.Principle4.Guideline4_1.4_1_2.H91.Button.Name","This button element does not have a name available to an accessibility API. Valid names are: title , element content, aria-label , aria-labelledby .","<button class=\"ytp-featured-product-overflow-icon ytp-button\" aria-haspopup=\"true\" style=\"display: none;\"></button>","#movie_player > div:nth-child(7) > div > div:nth-child(2) > a > button:nth-child(5)"
"error","WCAG2AA.Principle4.Guideline4_1.4_1_2.H91.A.EmptyNoId","Anchor element found with no link content and no name and/or ID attribute.","<a class=\"ytp-paid-content-overlay-link\" target=\"_blank\" style=\"display: none;\"><div class=\"ytp-paid-content-ov...</a>","#movie_player > div:nth-child(9) > div:nth-child(1) > div > a"
"error","WCAG2AA.Principle4.Guideline4_1.4_1_2.H91.Button.Name","This button element does not have a name available to an accessibility API. Valid names are: title , element content, aria-label , aria-labelledby .","<button class=\"ytp-button ytp-suggested-action-badge ytp-suggested-action-badge-with-controls\" style=\"display: none;\"><div class=\"ytp-suggested-actio...</button>","#movie_player > div:nth-child(9) > div:nth-child(3) > div:nth-child(1) > button"
"error","WCAG2AA.Principle4.Guideline4_1.4_1_2.H91.Button.Name","This button element does not have a name available to an accessibility API. Valid names are: title , element content, aria-label , aria-labelledby .","<button class=\"ytp-suggested-action-badge-dismiss-button-icon ytp-button\"></button>","#movie_player > div:nth-child(9) > div:nth-child(3) > div:nth-child(1) > button > div:nth-child(2) > button"
"error","WCAG2AA.Principle4.Guideline4_1.4_1_2.H91.Button.Name","This button element does not have a name available to an accessibility API. Valid names are: title , element content, aria-label , aria-labelledby .","<button class=\"ytp-button ytp-suggested-action-badge ytp-suggested-action-badge-with-controls ytp-suggested-action-badge-expanded\" aria-label=\"\" style=\"display: none;\"><div class=\"ytp-suggested-actio...</button>","#movie_player > div:nth-child(9) > div:nth-child(3) > div:nth-child(2) > button"
"error","WCAG2AA.Principle4.Guideline4_1.4_1_2.H91.Button.Name","This button element does not have a name available to an accessibility API. Valid names are: title , element content, aria-label , aria-labelledby .","<button class=\"ytp-suggested-action-badge-dismiss-button-icon ytp-button\" aria-label=\"\"></button>","#movie_player > div:nth-child(9) > div:nth-child(3) > div:nth-child(2) > button > div:nth-child(2) > button"
"error","WCAG2AA.Principle4.Guideline4_1.4_1_2.H91.Button.Name","This button element does not have a name available to an accessibility API. Valid names are: title , element content, aria-label , aria-labelledby .","<button class=\"ytp-suggested-action-badge-dismiss-button-icon ytp-button\" style=\"display: none;\"></button>","#movie_player > div:nth-child(9) > div:nth-child(3) > div:nth-child(3) > div > div:nth-child(2) > button"
"error","WCAG2AA.Principle4.Guideline4_1.4_1_2.H91.A.EmptyNoId","Anchor element found with no link content and no name and/or ID attribute.","<a class=\"ytp-featured-product-container\"><div class=\"ytp-featured-produc...</a>","#movie_player > div:nth-child(9) > div:nth-child(3) > div:nth-child(3) > div > div:nth-child(2) > a"
"error","WCAG2AA.Principle1.Guideline1_1.1_1_1.H37","Img element missing an alt attribute. Use the alt attribute to specify a short text alternative.","<img>","#movie_player > div:nth-child(9) > div:nth-child(3) > div:nth-child(3) > div > div:nth-child(2) > a > div:nth-child(1) > img"
"error","WCAG2AA.Principle4.Guideline4_1.4_1_2.H91.Button.Name","This button element does not have a name available to an accessibility API. Valid names are: title , element content, aria-label , aria-labelledby .","<button class=\"ytp-featured-product-overflow-icon ytp-button\" aria-haspopup=\"true\" style=\"\"></button>","#movie_player > div:nth-child(9) > div:nth-child(3) > div:nth-child(3) > div > div:nth-child(2) > a > button"
"error","WCAG2AA.Principle4.Guideline4_1.4_1_2.H91.A.EmptyNoId","Anchor element found with no link content and no name and/or ID attribute.","<a class=\"ytp-playlist-menu-title-name\"></a>","#ytp-id-6 > div:nth-child(1) > div:nth-child(1) > a"
"error","WCAG2AA.Principle4.Guideline4_1.4_1_2.H91.A.EmptyNoId","Anchor element found with no link content and no name and/or ID attribute.","<a class=\"ytp-share-panel-link ytp-no-contextmenu\" target=\"_blank\" title=\"Share link\"></a>","#ytp-id-9 > div > a"
"error","WCAG2AA.Principle1.Guideline1_1.1_1_1.H37","Img element missing an alt attribute. Use the alt attribute to specify a short text alternative.","<img class=\"ytp-decorated-scrubber-button\">","#movie_player > div:nth-child(24) > div:nth-child(1) > div:nth-child(2) > div:nth-child(5) > div > img"
"error","WCAG2AA.Principle4.Guideline4_1.4_1_2.H91.Div.Name","This element has role of \"button\" but does not have a name available to an accessibility API. Valid names are: element content, aria-label , aria-labelledby .","<div class=\"ytp-fine-scrubbing-play\" title=\"Play from this position\" role=\"button\"><svg fill=\"none\" height=\"36\" vi...</div>","#movie_player > div:nth-child(24) > div:nth-child(1) > div:nth-child(3) > div:nth-child(2) > div:nth-child(4)"
"error","WCAG2AA.Principle4.Guideline4_1.4_1_2.H91.Div.Name","This element has role of \"button\" but does not have a name available to an accessibility API. Valid names are: element content, aria-label , aria-labelledby .","<div class=\"ytp-fine-scrubbing-dismiss\" title=\"Exit precise seeking\" role=\"button\"><svg height=\"100%\" viewBox=\"0 0...</div>","#movie_player > div:nth-child(24) > div:nth-child(1) > div:nth-child(3) > div:nth-child(2) > div:nth-child(5)"
"error","WCAG2AA.Principle4.Guideline4_1.4_1_2.H91.A.Name","This element has role of \"button\" but does not have a name available to an accessibility API. Valid names are: element content, aria-label , aria-labelledby .","<a class=\"ytp-prev-button ytp-button\" role=\"button\" tabindex=\"0\" aria-disabled=\"true\" style=\"display: none;\"><svg fill=\"none\" height=\"24\" vi...</a>","#movie_player > div:nth-child(24) > div:nth-child(2) > div:nth-child(1) > a:nth-child(2)"
"error","WCAG2AA.Principle4.Guideline4_1.4_1_2.H91.Button.Name","This button element does not have a name available to an accessibility API. Valid names are: title , element content, aria-label , aria-labelledby .","<button class=\"ytp-expand-right-bottom-section-button ytp-button\" data-priority=\"1\"><svg height=\"100%\" version=\"1.1...</button>","#movie_player > div:nth-child(24) > div:nth-child(2) > div:nth-child(2) > div:nth-child(1) > button:nth-child(1)"
"error","WCAG2AA.Principle4.Guideline4_1.4_1_2.H91.Button.Name","This button element does not have a name available to an accessibility API. Valid names are: title , element content, aria-label , aria-labelledby .","<button class=\"ytp-button ytp-autonav-toggle delhi-fast-follow-autonav-toggle\" title=\"\" data-priority=\"3\" data-tooltip-target-id=\"ytp-autonav-toggle-button\" style=\"display: none;\"><div class=\"ytp-autonav-toggle-...</button>","#movie_player > div:nth-child(24) > div:nth-child(2) > div:nth-child(2) > div:nth-child(1) > button:nth-child(2)"
"error","WCAG2AA.Principle4.Guideline4_1.4_1_2.H91.Button.Name","This button element does not have a name available to an accessibility API. Valid names are: title , element content, aria-label , aria-labelledby .","<button class=\"ytp-pip-button ytp-button\" title=\"\" data-priority=\"8\" data-tooltip-target-id=\"ytp-pip-button\" data-tooltip-title=\"Picture-in-picture\" data-title-no-tooltip=\"Picture-in-picture\" style=\"display: none;\"><svg height=\"100%\" version=\"1.1...<...","#movie_player > div:nth-child(24) > div:nth-child(2) > div:nth-child(2) > button"
"error","WCAG2AA.Principle4.Guideline4_1.4_1_2.H91.Button.Name","This button element does not have a name available to an accessibility API. Valid names are: title , element content, aria-label , aria-labelledby .","<button class=\"ytp-fullscreen-grid-expand-button ytp-button\" aria-keyshortcuts=\"v\" data-tooltip-target-id=\"ytp-fullscreen-grid-expand-button\" data-tooltip-offset-y=\"-10\"></button>","#movie_player > div:nth-child(25) > div:nth-child(2) > button"
"error","WCAG2AA.Principle4.Guideline4_1.4_1_1.F77","Duplicate id attribute value \"alerts\" found on the web page.","<div id=\"alerts\" class=\"style-scope ytd-watch-flexy\"></div>","#alerts"
"error","WCAG2AA.Principle4.Guideline4_1.4_1_1.F77","Duplicate id attribute value \"title\" found on the web page.","<div id=\"title\" class=\"style-scope ytd-watch-metadata\">\n    <ytd-badge-supported-rende...</div>","#title"
"error","WCAG2AA.Principle1.Guideline1_3.1_3_1.H42.2","Heading tag found with no content. Text that is not intended as a heading should not be marked up with heading tags.","<h1 class=\"style-scope ytd-watch-metadata\">\n      <yt-formatted-string for...</h1>","#title > h1"
"error","WCAG2AA.Principle4.Guideline4_1.4_1_1.F77","Duplicate id attribute value \"repeat\" found on the web page.","<dom-repeat id=\"repeat\" as=\"badge\" class=\"style-scope ytd-badge-supported-renderer\"><template is=\"dom-repeat\"></tem...</dom-repeat>","#repeat"
"error","WCAG2AA.Principle4.Guideline4_1.4_1_2.H91.A.EmptyNoId","Anchor element found with no link content and no name and/or ID attribute.","<a class=\"yt-simple-endpoint style-scope ytd-video-owner-renderer\" tabindex=\"-1\"><ps-dom-if class=\"style-scope y...</a>","#owner > ytd-video-owner-renderer > a"
"error","WCAG2AA.Principle4.Guideline4_1.4_1_1.F77","Duplicate id attribute value \"container\" found on the web page.","<div id=\"container\" class=\"style-scope ytd-channel-name\">\n  <div id=\"text-container\" cla...</div>","#container"
"error","WCAG2AA.Principle4.Guideline4_1.4_1_1.F77","Duplicate id attribute value \"text-container\" found on the web page.","<div id=\"text-container\" class=\"style-scope ytd-channel-name\">\n    <yt-formatted-string id=\"t...</div>","#text-container"
"error","WCAG2AA.Principle4.Guideline4_1.4_1_1.F77","Duplicate id attribute value \"text\" found on the web page.","<yt-formatted-string id=\"text\" link-inherit-color=\"\" respect-lang-dir=\"\" title=\"\" class=\"style-scope ytd-channel-name\" is-empty=\"\" ellipsis-truncate=\"\" ellipsis-truncate-styling=\"\" dir=\"auto\" style=\"text-align: left;\"><!--css-build:shady--><!--css_b....","#text"
"error","WCAG2AA.Principle4.Guideline4_1.4_1_1.F77","Duplicate id attribute value \"repeat\" found on the web page.","<dom-repeat id=\"repeat\" as=\"badge\" class=\"style-scope ytd-badge-supported-renderer\"><template is=\"dom-repeat\"></tem...</dom-repeat>","#repeat"
"error","WCAG2AA.Principle4.Guideline4_1.4_1_1.F77","Duplicate id attribute value \"menu\" found on the web page.","<div id=\"menu\" class=\"style-scope ytd-watch-metadata\"></div>","#menu"
"error","WCAG2AA.Principle4.Guideline4_1.4_1_1.F77","Duplicate id attribute value \"info\" found on the web page.","<div id=\"info\" class=\"style-scope ytd-watch-flexy\">\n            <div id=\"info-skel...</div>","#info"
"error","WCAG2AA.Principle4.Guideline4_1.4_1_1.F77","Duplicate id attribute value \"title\" found on the web page.","<div id=\"title\" class=\"text-shell skeleton-bg-color\"></div>","#title"
"error","WCAG2AA.Principle4.Guideline4_1.4_1_1.F77","Duplicate id attribute value \"info\" found on the web page.","<div id=\"info\"><div id=\"count\" class=\"text-she...</div>","#info"
"error","WCAG2AA.Principle4.Guideline4_1.4_1_1.F77","Duplicate id attribute value \"menu\" found on the web page.","<div id=\"menu\"><div class=\"menu-button skeleto...</div>","#menu"
"error","WCAG2AA.Principle4.Guideline4_1.4_1_1.F77","Duplicate id attribute value \"container\" found on the web page.","<div id=\"container\" class=\"style-scope ytd-video-primary-info-renderer\"><ytd-badge-supported-renderer c...</div>","#container"
"error","WCAG2AA.Principle4.Guideline4_1.4_1_1.F77","Duplicate id attribute value \"repeat\" found on the web page.","<dom-repeat id=\"repeat\" as=\"badge\" class=\"style-scope ytd-badge-supported-renderer\"><template is=\"dom-repeat\"></tem...</dom-repeat>","#repeat"
"error","WCAG2AA.Principle4.Guideline4_1.4_1_2.H91.A.EmptyNoId","Anchor element found with no link content and no name and/or ID attribute.","<a class=\"yt-simple-endpoint style-scope ytd-video-primary-info-renderer\" hidden=\"\"><yt-icon class=\"super-title-ico...</a>","#container > a"
"error","WCAG2AA.Principle1.Guideline1_3.1_3_1.H42.2","Heading tag found with no content. Text that is not intended as a heading should not be marked up with heading tags.","<h1 class=\"title style-scope ytd-video-primary-info-renderer\"><yt-formatted-string force-defa...</h1>","#container > h1"
"error","WCAG2AA.Principle4.Guideline4_1.4_1_1.F77","Duplicate id attribute value \"repeat\" found on the web page.","<dom-repeat id=\"repeat\" as=\"badge\" class=\"style-scope ytd-badge-supported-renderer\"><template is=\"dom-repeat\"></tem...</dom-repeat>","#repeat"
"error","WCAG2AA.Principle4.Guideline4_1.4_1_1.F77","Duplicate id attribute value \"info\" found on the web page.","<div id=\"info\" class=\"style-scope ytd-video-primary-info-renderer\"><div id=\"info-text\" class=\"styl...</div>","#info"
"error","WCAG2AA.Principle4.Guideline4_1.4_1_1.F77","Duplicate id attribute value \"count\" found on the web page.","<div id=\"count\" class=\"style-scope ytd-video-primary-info-renderer\" hidden=\"\"></div>","#count"
"error","WCAG2AA.Principle4.Guideline4_1.4_1_1.F77","Duplicate id attribute value \"menu\" found on the web page.","<div id=\"menu\" class=\"style-scope ytd-video-primary-info-renderer\"></div>","#menu"
"error","WCAG2AA.Principle4.Guideline4_1.4_1_1.F77","Duplicate id attribute value \"container\" found on the web page.","<div id=\"container\" class=\"style-scope ytd-sentiment-bar-renderer\">\n  <div id=\"like-bar\" class=\"st...</div>","#container"
"error","WCAG2AA.Principle4.Guideline4_1.4_1_1.F77","Duplicate id attribute value \"tooltip\" found on the web page.","<div id=\"tooltip\" class=\"hidden style-scope tp-yt-paper-tooltip\" style-target=\"tooltip\">\n   \n</div>","#tooltip"
"error","WCAG2AA.Principle4.Guideline4_1.4_1_1.F77","Duplicate id attribute value \"top-row\" found on the web page.","<div id=\"top-row\"><div id=\"video-owner\" class=\"fl...</div>","#top-row"
"error","WCAG2AA.Principle4.Guideline4_1.4_1_1.F77","Duplicate id attribute value \"upload-info\" found on the web page.","<div id=\"upload-info\" class=\"flex-1\"><div id=\"owner-name\" class=\"tex...</div>","#upload-info"
"error","WCAG2AA.Principle4.Guideline4_1.4_1_1.F77","Duplicate id attribute value \"subscribe-button\" found on the web page.","<div id=\"subscribe-button\" class=\"skeleton-bg-color\"></div>","#subscribe-button"
"error","WCAG2AA.Principle4.Guideline4_1.4_1_1.F77","Duplicate id attribute value \"secondary\" found on the web page.","<div id=\"secondary\" class=\"style-scope ytd-watch-flexy\">\n    <div id=\"secondary-split-s...</div>","#secondary"
"error","WCAG2AA.Principle4.Guideline4_1.4_1_1.F77","Duplicate id attribute value \"container\" found on the web page.","<div id=\"container\" class=\"style-scope ytd-playlist-panel-renderer\"><div class=\"header style-scope ...</div>","#container"
"error","WCAG2AA.Principle1.Guideline1_3.1_3_1.H42.2","Heading tag found with no content. Text that is not intended as a heading should not be marked up with heading tags.","<h3 class=\"style-scope ytd-playlist-panel-renderer\"><yt-formatted-string class=\"tit...</h3>","#header-description > h3:nth-child(1)"
"error","WCAG2AA.Principle1.Guideline1_3.1_3_1.H42.2","Heading tag found with no content. Text that is not intended as a heading should not be marked up with heading tags.","<h3 id=\"next-video-title\" class=\"style-scope ytd-playlist-panel-renderer\" hidden=\"\"><span id=\"next-label\" class=\"st...</h3>","#next-video-title"
"error","WCAG2AA.Principle4.Guideline4_1.4_1_1.F77","Duplicate id attribute value \"repeat\" found on the web page.","<dom-repeat id=\"repeat\" as=\"badge\" class=\"style-scope ytd-badge-supported-renderer\"><template is=\"dom-repeat\"></tem...</dom-repeat>","#repeat"
"error","WCAG2AA.Principle4.Guideline4_1.4_1_1.F77","Duplicate id attribute value \"button\" found on the web page.","<button id=\"button\" class=\"style-scope yt-icon-button\" aria-label=\"Collapse\"><yt-icon id=\"trailing-icon\" cla...</button>","#button"
"error","WCAG2AA.Principle4.Guideline4_1.4_1_1.F77","Duplicate id attribute value \"interaction\" found on the web page.","<yt-interaction id=\"interaction\" class=\"circular style-scope yt-icon-button\"><!--css-build:shady--><!--css_b...</yt-interaction>","#interaction"
"error","WCAG2AA.Principle4.Guideline4_1.4_1_1.F77","Duplicate id attribute value \"items\" found on the web page.","<div id=\"items\" class=\"playlist-items style-scope ytd-playlist-panel-renderer\"></div>","#items"
"error","WCAG2AA.Principle4.Guideline4_1.4_1_1.F77","Duplicate id attribute value \"items\" found on the web page.","<div id=\"items\" class=\"style-scope ytd-watch-next-secondary-results-renderer\"></div>","#items"
"error","WCAG2AA.Principle4.Guideline4_1.4_1_1.F77","Duplicate id attribute value \"related\" found on the web page.","<div id=\"related\"><div class=\"autoplay skeleton-l...</div>","#related"
"error","WCAG2AA.Principle4.Guideline4_1.4_1_1.F77","Duplicate id attribute value \"survey\" found on the web page.","<div id=\"survey\" class=\"style-scope ytd-watch-flexy\"></div>","#survey"
"error","WCAG2AA.Principle4.Guideline4_1.4_1_1.F77","Duplicate id attribute value \"persistent-panel-container\" found on the web page.","<div id=\"persistent-panel-container\" class=\"style-scope ytd-app\" hidden=\"\"></div>","#persistent-panel-container"
"error","WCAG2AA.Principle4.Guideline4_1.4_1_1.F77","Duplicate id attribute value \"player-container\" found on the web page.","<div id=\"player-container\" class=\"style-scope ytd-video-preview\">\n          <ytd-player id=\"inli...</div>","#player-container"
"error","WCAG2AA.Principle4.Guideline4_1.4_1_1.F77","Duplicate id attribute value \"container\" found on the web page.","<div id=\"container\" class=\"style-scope ytd-player\">\n  \n</div>","#container"
"error","WCAG2AA.Principle4.Guideline4_1.4_1_1.F77","Duplicate id attribute value \"metadata\" found on the web page.","<div id=\"metadata\" class=\"style-scope ytd-video-preview\"></div>","#metadata"
"error","WCAG2AA.Principle2.Guideline2_4.2_4_1.H64.1","Iframe element requires a non-empty title attribute that identifies the frame.","<iframe src=\"about:blank\" sandbox=\"allow-same-origin\" style=\"display: none;\"></iframe>","html > body > iframe:nth-child(34)"
